[run number],n-turtles,spread-chance,pop-weight,n-groups,familiarity-inc,group-tightness,fam-weight,[steps],proportion
1,100,0,0,10,0.1,0.3,0,5000,0.5
2,100,0,0,10,0.1,0.3,0,5000,0.5
3,100,0,0,10,0.1,0.3,0,5000,0.5
4,100,0,0,10,0.1,0.3,0,5000,0.5
5,100,0,0,10,0.1,0.3,0,5000,0.5
6,100,0,0,10,0.1,0.3,0,5000,0.5
7,100,0,0,10,0.1,0.3,0,5000,0.5
8,100,0,0,10,0.1,0.3,0,5000,0.5
9,100,0,0,10,0.1,0.3,0,5000,0.5
10,100,0,0,10,0.1,0.3,0,5000,0.5
11,100,0,0,10,0.1,0.3,0.1,5000,0.59
12,100,0,0,10,0.1,0.3,0.1,5000,0.59
13,100,0,0,10,0.1,0.3,0.1,5000,0.58
14,100,0,0,10,0.1,0.3,0.1,5000,0.57
15,100,0,0,10,0.1,0.3,0.1,5000,0.54
16,100,0,0,10,0.1,0.3,0.1,5000,0.6
17,100,0,0,10,0.1,0.3,0.1,5000,0.64
18,100,0,0,10,0.1,0.3,0.1,5000,0.98
19,100,0,0,10,0.1,0.3,0.1,5000,0.66
20,100,0,0,10,0.1,0.3,0.1,5000,0.54
21,100,0,0,10,0.1,0.3,0.2,5000,0.87
22,100,0,0,10,0.1,0.3,0.2,307,1
23,100,0,0,10,0.1,0.3,0.2,5000,0.6
24,100,0,0,10,0.1,0.3,0.2,361,1
25,100,0,0,10,0.1,0.3,0.2,5000,0.63
26,100,0,0,10,0.1,0.3,0.2,5000,0.53
27,100,0,0,10,0.1,0.3,0.2,5000,0.56
28,100,0,0,10,0.1,0.3,0.2,5000,0.53
29,100,0,0,10,0.1,0.3,0.2,5000,0.69
30,100,0,0,10,0.1,0.3,0.2,5000,0.52
31,100,0,0,10,0.1,0.3,0.3,5000,0.57
32,100,0,0,10,0.1,0.3,0.3,5000,0.54
33,100,0,0,10,0.1,0.3,0.3,5000,0.51
34,100,0,0,10,0.1,0.3,0.3,5000,0.58
35,100,0,0,10,0.1,0.3,0.3,5000,0.63
36,100,0,0,10,0.1,0.3,0.3,5000,0.52
37,100,0,0,10,0.1,0.3,0.3,5000,0.76
38,100,0,0,10,0.1,0.3,0.3,5000,0.55
39,100,0,0,10,0.1,0.3,0.3,5000,0.51
40,100,0,0,10,0.1,0.3,0.3,5000,0.5
41,100,0,0,10,0.1,0.3,0.4,5000,0.6
42,100,0,0,10,0.1,0.3,0.4,5000,0.63
43,100,0,0,10,0.1,0.3,0.4,5000,0.54
44,100,0,0,10,0.1,0.3,0.4,5000,0.8
45,100,0,0,10,0.1,0.3,0.4,5000,0.6
46,100,0,0,10,0.1,0.3,0.4,5000,0.65
47,100,0,0,10,0.1,0.3,0.4,5000,0.65
48,100,0,0,10,0.1,0.3,0.4,5000,0.6
49,100,0,0,10,0.1,0.3,0.4,5000,0.53
50,100,0,0,10,0.1,0.3,0.4,5000,0.52
51,100,0,0,10,0.1,0.3,0.5,5000,0.59
52,100,0,0,10,0.1,0.3,0.5,5000,0.6
53,100,0,0,10,0.1,0.3,0.5,5000,0.56
54,100,0,0,10,0.1,0.3,0.5,5000,0.61
55,100,0,0,10,0.1,0.3,0.5,5000,0.63
56,100,0,0,10,0.1,0.3,0.5,5000,0.6
57,100,0,0,10,0.1,0.3,0.5,5000,0.53
58,100,0,0,10,0.1,0.3,0.5,5000,0.51
59,100,0,0,10,0.1,0.3,0.5,5000,0.58
60,100,0,0,10,0.1,0.3,0.5,5000,0.8
61,100,0,0,10,0.1,0.3,0.6,5000,0.53
62,100,0,0,10,0.1,0.3,0.6,5000,0.65
63,100,0,0,10,0.1,0.3,0.6,5000,0.55
64,100,0,0,10,0.1,0.3,0.6,5000,0.64
65,100,0,0,10,0.1,0.3,0.6,5000,0.51
66,100,0,0,10,0.1,0.3,0.6,5000,0.59
67,100,0,0,10,0.1,0.3,0.6,5000,0.59
68,100,0,0,10,0.1,0.3,0.6,5000,0.51
69,100,0,0,10,0.1,0.3,0.6,5000,0.59
70,100,0,0,10,0.1,0.3,0.6,5000,0.52
71,100,0,0,10,0.1,0.3,0.7,5000,0.53
72,100,0,0,10,0.1,0.3,0.7,5000,0.5
73,100,0,0,10,0.1,0.3,0.7,5000,0.51
74,100,0,0,10,0.1,0.3,0.7,5000,0.52
75,100,0,0,10,0.1,0.3,0.7,5000,0.62
76,100,0,0,10,0.1,0.3,0.7,5000,0.51
77,100,0,0,10,0.1,0.3,0.7,5000,0.64
78,100,0,0,10,0.1,0.3,0.7,5000,0.6
79,100,0,0,10,0.1,0.3,0.7,5000,0.52
80,100,0,0,10,0.1,0.3,0.7,5000,0.61
81,100,0,0,10,0.1,0.3,0.8,5000,0.56
82,100,0,0,10,0.1,0.3,0.8,5000,0.54
83,100,0,0,10,0.1,0.3,0.8,5000,0.58
84,100,0,0,10,0.1,0.3,0.8,5000,0.57
85,100,0,0,10,0.1,0.3,0.8,5000,0.6
86,100,0,0,10,0.1,0.3,0.8,5000,0.54
87,100,0,0,10,0.1,0.3,0.8,5000,0.51
88,100,0,0,10,0.1,0.3,0.8,5000,0.64
89,100,0,0,10,0.1,0.3,0.8,5000,0.69
90,100,0,0,10,0.1,0.3,0.8,5000,0.51
91,100,0,0,10,0.1,0.3,0.9,5000,0.55
92,100,0,0,10,0.1,0.3,0.9,5000,0.84
93,100,0,0,10,0.1,0.3,0.9,5000,0.52
94,100,0,0,10,0.1,0.3,0.9,5000,0.6
95,100,0,0,10,0.1,0.3,0.9,5000,0.59
96,100,0,0,10,0.1,0.3,0.9,5000,0.55
97,100,0,0,10,0.1,0.3,0.9,5000,0.61
98,100,0,0,10,0.1,0.3,0.9,5000,0.63
99,100,0,0,10,0.1,0.3,0.9,321,1
100,100,0,0,10,0.1,0.3,0.9,5000,0.65
101,100,0,0,10,0.1,0.3,1,5000,0.6
102,100,0,0,10,0.1,0.3,1,5000,0.57
103,100,0,0,10,0.1,0.3,1,274,1
104,100,0,0,10,0.1,0.3,1,5000,0.56
105,100,0,0,10,0.1,0.3,1,5000,0.7
106,100,0,0,10,0.1,0.3,1,5000,0.5
107,100,0,0,10,0.1,0.3,1,5000,0.51
108,100,0,0,10,0.1,0.3,1,5000,0.63
109,100,0,0,10,0.1,0.3,1,5000,0.52
110,100,0,0,10,0.1,0.3,1,5000,0.74
111,100,0,0.1,10,0.1,0.3,0,5000,0.79
112,100,0,0.1,10,0.1,0.3,0,5000,0.65
113,100,0,0.1,10,0.1,0.3,0,5000,0.53
114,100,0,0.1,10,0.1,0.3,0,5000,0.87
115,100,0,0.1,10,0.1,0.3,0,5000,0.89
116,100,0,0.1,10,0.1,0.3,0,5000,0.58
117,100,0,0.1,10,0.1,0.3,0,5000,0.78
118,100,0,0.1,10,0.1,0.3,0,5000,0.75
119,100,0,0.1,10,0.1,0.3,0,5000,0.7
120,100,0,0.1,10,0.1,0.3,0,343,1
121,100,0,0.1,10,0.1,0.3,0.1,5000,0.54
122,100,0,0.1,10,0.1,0.3,0.1,5000,0.55
123,100,0,0.1,10,0.1,0.3,0.1,5000,0.66
124,100,0,0.1,10,0.1,0.3,0.1,5000,0.71
125,100,0,0.1,10,0.1,0.3,0.1,5000,0.7
126,100,0,0.1,10,0.1,0.3,0.1,5000,0.55
127,100,0,0.1,10,0.1,0.3,0.1,5000,0.65
128,100,0,0.1,10,0.1,0.3,0.1,5000,0.57
129,100,0,0.1,10,0.1,0.3,0.1,5000,0.63
130,100,0,0.1,10,0.1,0.3,0.1,290,1
131,100,0,0.1,10,0.1,0.3,0.2,5000,0.59
132,100,0,0.1,10,0.1,0.3,0.2,5000,0.63
133,100,0,0.1,10,0.1,0.3,0.2,5000,0.54
134,100,0,0.1,10,0.1,0.3,0.2,5000,0.65
135,100,0,0.1,10,0.1,0.3,0.2,215,1
136,100,0,0.1,10,0.1,0.3,0.2,5000,0.56
137,100,0,0.1,10,0.1,0.3,0.2,5000,0.6
138,100,0,0.1,10,0.1,0.3,0.2,5000,0.8
139,100,0,0.1,10,0.1,0.3,0.2,5000,0.57
140,100,0,0.1,10,0.1,0.3,0.2,5000,0.59
141,100,0,0.1,10,0.1,0.3,0.3,5000,0.56
142,100,0,0.1,10,0.1,0.3,0.3,5000,0.69
143,100,0,0.1,10,0.1,0.3,0.3,5000,0.55
144,100,0,0.1,10,0.1,0.3,0.3,5000,0.58
145,100,0,0.1,10,0.1,0.3,0.3,5000,0.58
146,100,0,0.1,10,0.1,0.3,0.3,5000,0.64
147,100,0,0.1,10,0.1,0.3,0.3,5000,0.56
148,100,0,0.1,10,0.1,0.3,0.3,5000,0.59
149,100,0,0.1,10,0.1,0.3,0.3,5000,0.56
150,100,0,0.1,10,0.1,0.3,0.3,5000,0.52
151,100,0,0.1,10,0.1,0.3,0.4,5000,0.56
152,100,0,0.1,10,0.1,0.3,0.4,5000,0.53
153,100,0,0.1,10,0.1,0.3,0.4,5000,0.82
154,100,0,0.1,10,0.1,0.3,0.4,3538,1
155,100,0,0.1,10,0.1,0.3,0.4,5000,0.72
156,100,0,0.1,10,0.1,0.3,0.4,5000,0.88
157,100,0,0.1,10,0.1,0.3,0.4,5000,0.62
158,100,0,0.1,10,0.1,0.3,0.4,5000,0.59
159,100,0,0.1,10,0.1,0.3,0.4,5000,0.69
160,100,0,0.1,10,0.1,0.3,0.4,5000,0.78
161,100,0,0.1,10,0.1,0.3,0.5,5000,0.74
162,100,0,0.1,10,0.1,0.3,0.5,5000,0.59
163,100,0,0.1,10,0.1,0.3,0.5,5000,0.65
164,100,0,0.1,10,0.1,0.3,0.5,1279,1
165,100,0,0.1,10,0.1,0.3,0.5,5000,0.55
166,100,0,0.1,10,0.1,0.3,0.5,5000,0.52
167,100,0,0.1,10,0.1,0.3,0.5,5000,0.72
168,100,0,0.1,10,0.1,0.3,0.5,5000,0.68
169,100,0,0.1,10,0.1,0.3,0.5,477,1
170,100,0,0.1,10,0.1,0.3,0.5,5000,0.55
171,100,0,0.1,10,0.1,0.3,0.6,5000,0.62
172,100,0,0.1,10,0.1,0.3,0.6,5000,0.53
173,100,0,0.1,10,0.1,0.3,0.6,5000,0.93
174,100,0,0.1,10,0.1,0.3,0.6,5000,0.62
175,100,0,0.1,10,0.1,0.3,0.6,5000,0.59
176,100,0,0.1,10,0.1,0.3,0.6,495,1
177,100,0,0.1,10,0.1,0.3,0.6,5000,0.75
178,100,0,0.1,10,0.1,0.3,0.6,5000,0.52
179,100,0,0.1,10,0.1,0.3,0.6,5000,0.58
180,100,0,0.1,10,0.1,0.3,0.6,5000,0.77
181,100,0,0.1,10,0.1,0.3,0.7,5000,0.51
182,100,0,0.1,10,0.1,0.3,0.7,5000,0.59
183,100,0,0.1,10,0.1,0.3,0.7,5000,0.74
184,100,0,0.1,10,0.1,0.3,0.7,5000,0.64
185,100,0,0.1,10,0.1,0.3,0.7,5000,0.7
186,100,0,0.1,10,0.1,0.3,0.7,5000,0.6
187,100,0,0.1,10,0.1,0.3,0.7,5000,0.55
188,100,0,0.1,10,0.1,0.3,0.7,5000,0.57
189,100,0,0.1,10,0.1,0.3,0.7,5000,0.79
190,100,0,0.1,10,0.1,0.3,0.7,5000,0.56
191,100,0,0.1,10,0.1,0.3,0.8,5000,0.75
192,100,0,0.1,10,0.1,0.3,0.8,5000,0.55
193,100,0,0.1,10,0.1,0.3,0.8,5000,0.64
194,100,0,0.1,10,0.1,0.3,0.8,211,1
195,100,0,0.1,10,0.1,0.3,0.8,5000,0.63
196,100,0,0.1,10,0.1,0.3,0.8,5000,0.85
197,100,0,0.1,10,0.1,0.3,0.8,5000,0.66
198,100,0,0.1,10,0.1,0.3,0.8,5000,0.69
199,100,0,0.1,10,0.1,0.3,0.8,5000,0.95
200,100,0,0.1,10,0.1,0.3,0.8,5000,0.59
201,100,0,0.1,10,0.1,0.3,0.9,5000,0.53
202,100,0,0.1,10,0.1,0.3,0.9,5000,0.6
203,100,0,0.1,10,0.1,0.3,0.9,5000,0.68
204,100,0,0.1,10,0.1,0.3,0.9,5000,0.53
205,100,0,0.1,10,0.1,0.3,0.9,787,1
206,100,0,0.1,10,0.1,0.3,0.9,5000,0.54
207,100,0,0.1,10,0.1,0.3,0.9,328,1
208,100,0,0.1,10,0.1,0.3,0.9,5000,0.6
209,100,0,0.1,10,0.1,0.3,0.9,5000,0.57
210,100,0,0.1,10,0.1,0.3,0.9,5000,0.8
211,100,0,0.1,10,0.1,0.3,1,392,1
212,100,0,0.1,10,0.1,0.3,1,5000,0.73
213,100,0,0.1,10,0.1,0.3,1,5000,0.6
214,100,0,0.1,10,0.1,0.3,1,5000,0.77
215,100,0,0.1,10,0.1,0.3,1,289,1
216,100,0,0.1,10,0.1,0.3,1,5000,0.92
217,100,0,0.1,10,0.1,0.3,1,341,1
218,100,0,0.1,10,0.1,0.3,1,5000,0.59
219,100,0,0.1,10,0.1,0.3,1,5000,0.54
220,100,0,0.1,10,0.1,0.3,1,5000,0.5
221,100,0,0.2,10,0.1,0.3,0,5000,0.51
222,100,0,0.2,10,0.1,0.3,0,5000,0.51
223,100,0,0.2,10,0.1,0.3,0,5000,0.83
224,100,0,0.2,10,0.1,0.3,0,5000,0.6
225,100,0,0.2,10,0.1,0.3,0,5000,0.55
226,100,0,0.2,10,0.1,0.3,0,5000,0.55
227,100,0,0.2,10,0.1,0.3,0,5000,0.63
228,100,0,0.2,10,0.1,0.3,0,5000,0.77
229,100,0,0.2,10,0.1,0.3,0,336,1
230,100,0,0.2,10,0.1,0.3,0,5000,0.81
231,100,0,0.2,10,0.1,0.3,0.1,5000,0.59
232,100,0,0.2,10,0.1,0.3,0.1,5000,0.68
233,100,0,0.2,10,0.1,0.3,0.1,5000,0.69
234,100,0,0.2,10,0.1,0.3,0.1,5000,0.57
235,100,0,0.2,10,0.1,0.3,0.1,5000,0.55
236,100,0,0.2,10,0.1,0.3,0.1,5000,0.51
237,100,0,0.2,10,0.1,0.3,0.1,5000,0.51
238,100,0,0.2,10,0.1,0.3,0.1,5000,0.65
239,100,0,0.2,10,0.1,0.3,0.1,390,1
240,100,0,0.2,10,0.1,0.3,0.1,5000,0.75
241,100,0,0.2,10,0.1,0.3,0.2,416,1
242,100,0,0.2,10,0.1,0.3,0.2,5000,0.53
243,100,0,0.2,10,0.1,0.3,0.2,5000,0.77
244,100,0,0.2,10,0.1,0.3,0.2,2556,1
245,100,0,0.2,10,0.1,0.3,0.2,277,1
246,100,0,0.2,10,0.1,0.3,0.2,5000,0.6
247,100,0,0.2,10,0.1,0.3,0.2,5000,0.55
248,100,0,0.2,10,0.1,0.3,0.2,5000,0.63
249,100,0,0.2,10,0.1,0.3,0.2,5000,0.57
250,100,0,0.2,10,0.1,0.3,0.2,5000,0.57
251,100,0,0.2,10,0.1,0.3,0.3,370,1
252,100,0,0.2,10,0.1,0.3,0.3,5000,0.66
253,100,0,0.2,10,0.1,0.3,0.3,5000,0.53
254,100,0,0.2,10,0.1,0.3,0.3,5000,0.64
255,100,0,0.2,10,0.1,0.3,0.3,5000,0.59
256,100,0,0.2,10,0.1,0.3,0.3,5000,0.61
257,100,0,0.2,10,0.1,0.3,0.3,5000,0.77
258,100,0,0.2,10,0.1,0.3,0.3,5000,0.56
259,100,0,0.2,10,0.1,0.3,0.3,5000,0.81
260,100,0,0.2,10,0.1,0.3,0.3,5000,0.56
261,100,0,0.2,10,0.1,0.3,0.4,5000,0.51
262,100,0,0.2,10,0.1,0.3,0.4,5000,0.59
263,100,0,0.2,10,0.1,0.3,0.4,5000,0.57
264,100,0,0.2,10,0.1,0.3,0.4,5000,0.55
265,100,0,0.2,10,0.1,0.3,0.4,5000,0.62
266,100,0,0.2,10,0.1,0.3,0.4,5000,0.63
267,100,0,0.2,10,0.1,0.3,0.4,351,1
268,100,0,0.2,10,0.1,0.3,0.4,5000,0.67
269,100,0,0.2,10,0.1,0.3,0.4,5000,0.58
270,100,0,0.2,10,0.1,0.3,0.4,5000,0.55
271,100,0,0.2,10,0.1,0.3,0.5,5000,0.67
272,100,0,0.2,10,0.1,0.3,0.5,5000,0.72
273,100,0,0.2,10,0.1,0.3,0.5,305,1
274,100,0,0.2,10,0.1,0.3,0.5,5000,0.64
275,100,0,0.2,10,0.1,0.3,0.5,5000,0.62
276,100,0,0.2,10,0.1,0.3,0.5,5000,0.53
277,100,0,0.2,10,0.1,0.3,0.5,5000,0.51
278,100,0,0.2,10,0.1,0.3,0.5,5000,0.87
279,100,0,0.2,10,0.1,0.3,0.5,5000,0.6
280,100,0,0.2,10,0.1,0.3,0.5,5000,0.93
281,100,0,0.2,10,0.1,0.3,0.6,5000,0.56
282,100,0,0.2,10,0.1,0.3,0.6,5000,0.87
283,100,0,0.2,10,0.1,0.3,0.6,5000,0.62
284,100,0,0.2,10,0.1,0.3,0.6,497,1
285,100,0,0.2,10,0.1,0.3,0.6,5000,0.69
286,100,0,0.2,10,0.1,0.3,0.6,5000,0.58
287,100,0,0.2,10,0.1,0.3,0.6,5000,0.7
288,100,0,0.2,10,0.1,0.3,0.6,5000,0.71
289,100,0,0.2,10,0.1,0.3,0.6,5000,0.63
290,100,0,0.2,10,0.1,0.3,0.6,5000,0.51
291,100,0,0.2,10,0.1,0.3,0.7,3035,1
292,100,0,0.2,10,0.1,0.3,0.7,5000,0.71
293,100,0,0.2,10,0.1,0.3,0.7,5000,0.62
294,100,0,0.2,10,0.1,0.3,0.7,5000,0.7
295,100,0,0.2,10,0.1,0.3,0.7,5000,0.55
296,100,0,0.2,10,0.1,0.3,0.7,351,1
297,100,0,0.2,10,0.1,0.3,0.7,5000,0.82
298,100,0,0.2,10,0.1,0.3,0.7,5000,0.81
299,100,0,0.2,10,0.1,0.3,0.7,5000,0.53
300,100,0,0.2,10,0.1,0.3,0.7,5000,0.52
301,100,0,0.2,10,0.1,0.3,0.8,5000,0.58
302,100,0,0.2,10,0.1,0.3,0.8,5000,0.54
303,100,0,0.2,10,0.1,0.3,0.8,5000,0.73
304,100,0,0.2,10,0.1,0.3,0.8,5000,0.53
305,100,0,0.2,10,0.1,0.3,0.8,5000,0.58
306,100,0,0.2,10,0.1,0.3,0.8,5000,0.52
307,100,0,0.2,10,0.1,0.3,0.8,5000,0.73
308,100,0,0.2,10,0.1,0.3,0.8,5000,0.77
309,100,0,0.2,10,0.1,0.3,0.8,5000,0.53
310,100,0,0.2,10,0.1,0.3,0.8,5000,0.58
311,100,0,0.2,10,0.1,0.3,0.9,5000,0.51
312,100,0,0.2,10,0.1,0.3,0.9,5000,0.74
313,100,0,0.2,10,0.1,0.3,0.9,5000,0.62
314,100,0,0.2,10,0.1,0.3,0.9,5000,0.7
315,100,0,0.2,10,0.1,0.3,0.9,5000,0.71
316,100,0,0.2,10,0.1,0.3,0.9,5000,0.73
317,100,0,0.2,10,0.1,0.3,0.9,5000,0.6
318,100,0,0.2,10,0.1,0.3,0.9,5000,0.72
319,100,0,0.2,10,0.1,0.3,0.9,5000,0.52
320,100,0,0.2,10,0.1,0.3,0.9,5000,0.6
321,100,0,0.2,10,0.1,0.3,1,5000,0.53
322,100,0,0.2,10,0.1,0.3,1,5000,0.58
323,100,0,0.2,10,0.1,0.3,1,5000,0.72
324,100,0,0.2,10,0.1,0.3,1,5000,0.57
325,100,0,0.2,10,0.1,0.3,1,5000,0.82
326,100,0,0.2,10,0.1,0.3,1,5000,0.61
327,100,0,0.2,10,0.1,0.3,1,5000,0.58
328,100,0,0.2,10,0.1,0.3,1,406,1
329,100,0,0.2,10,0.1,0.3,1,5000,0.73
330,100,0,0.2,10,0.1,0.3,1,5000,0.68
331,100,0,0.3,10,0.1,0.3,0,5000,0.83
332,100,0,0.3,10,0.1,0.3,0,5000,0.99
333,100,0,0.3,10,0.1,0.3,0,5000,0.61
334,100,0,0.3,10,0.1,0.3,0,5000,0.55
335,100,0,0.3,10,0.1,0.3,0,5000,0.9
336,100,0,0.3,10,0.1,0.3,0,469,1
337,100,0,0.3,10,0.1,0.3,0,5000,0.64
338,100,0,0.3,10,0.1,0.3,0,5000,0.55
339,100,0,0.3,10,0.1,0.3,0,5000,0.79
340,100,0,0.3,10,0.1,0.3,0,5000,0.6
341,100,0,0.3,10,0.1,0.3,0.1,5000,0.55
342,100,0,0.3,10,0.1,0.3,0.1,5000,0.61
343,100,0,0.3,10,0.1,0.3,0.1,5000,0.75
344,100,0,0.3,10,0.1,0.3,0.1,5000,0.57
345,100,0,0.3,10,0.1,0.3,0.1,5000,0.64
346,100,0,0.3,10,0.1,0.3,0.1,5000,0.88
347,100,0,0.3,10,0.1,0.3,0.1,5000,0.94
348,100,0,0.3,10,0.1,0.3,0.1,5000,0.67
349,100,0,0.3,10,0.1,0.3,0.1,5000,0.68
350,100,0,0.3,10,0.1,0.3,0.1,5000,0.69
351,100,0,0.3,10,0.1,0.3,0.2,5000,0.52
352,100,0,0.3,10,0.1,0.3,0.2,390,1
353,100,0,0.3,10,0.1,0.3,0.2,5000,0.78
354,100,0,0.3,10,0.1,0.3,0.2,5000,0.67
355,100,0,0.3,10,0.1,0.3,0.2,5000,0.54
356,100,0,0.3,10,0.1,0.3,0.2,5000,0.6
357,100,0,0.3,10,0.1,0.3,0.2,5000,0.54
358,100,0,0.3,10,0.1,0.3,0.2,319,1
359,100,0,0.3,10,0.1,0.3,0.2,5000,0.62
360,100,0,0.3,10,0.1,0.3,0.2,5000,0.74
361,100,0,0.3,10,0.1,0.3,0.3,5000,0.71
362,100,0,0.3,10,0.1,0.3,0.3,334,1
363,100,0,0.3,10,0.1,0.3,0.3,5000,0.61
364,100,0,0.3,10,0.1,0.3,0.3,5000,0.56
365,100,0,0.3,10,0.1,0.3,0.3,5000,0.54
366,100,0,0.3,10,0.1,0.3,0.3,5000,0.51
367,100,0,0.3,10,0.1,0.3,0.3,353,1
368,100,0,0.3,10,0.1,0.3,0.3,5000,0.72
369,100,0,0.3,10,0.1,0.3,0.3,5000,0.61
370,100,0,0.3,10,0.1,0.3,0.3,5000,0.51
371,100,0,0.3,10,0.1,0.3,0.4,5000,0.56
372,100,0,0.3,10,0.1,0.3,0.4,5000,0.6
373,100,0,0.3,10,0.1,0.3,0.4,5000,0.62
374,100,0,0.3,10,0.1,0.3,0.4,5000,0.62
375,100,0,0.3,10,0.1,0.3,0.4,305,1
376,100,0,0.3,10,0.1,0.3,0.4,5000,0.54
377,100,0,0.3,10,0.1,0.3,0.4,5000,0.62
378,100,0,0.3,10,0.1,0.3,0.4,5000,0.72
379,100,0,0.3,10,0.1,0.3,0.4,273,1
380,100,0,0.3,10,0.1,0.3,0.4,628,1
381,100,0,0.3,10,0.1,0.3,0.5,5000,0.64
382,100,0,0.3,10,0.1,0.3,0.5,5000,0.6
383,100,0,0.3,10,0.1,0.3,0.5,5000,0.54
384,100,0,0.3,10,0.1,0.3,0.5,5000,0.64
385,100,0,0.3,10,0.1,0.3,0.5,5000,0.59
386,100,0,0.3,10,0.1,0.3,0.5,5000,0.56
387,100,0,0.3,10,0.1,0.3,0.5,5000,0.52
388,100,0,0.3,10,0.1,0.3,0.5,5000,0.52
389,100,0,0.3,10,0.1,0.3,0.5,5000,0.59
390,100,0,0.3,10,0.1,0.3,0.5,5000,0.57
391,100,0,0.3,10,0.1,0.3,0.6,5000,0.57
392,100,0,0.3,10,0.1,0.3,0.6,5000,0.68
393,100,0,0.3,10,0.1,0.3,0.6,5000,0.57
394,100,0,0.3,10,0.1,0.3,0.6,366,1
395,100,0,0.3,10,0.1,0.3,0.6,5000,0.5
396,100,0,0.3,10,0.1,0.3,0.6,5000,0.59
397,100,0,0.3,10,0.1,0.3,0.6,5000,0.85
398,100,0,0.3,10,0.1,0.3,0.6,5000,0.68
399,100,0,0.3,10,0.1,0.3,0.6,5000,0.81
400,100,0,0.3,10,0.1,0.3,0.6,5000,0.69
401,100,0,0.3,10,0.1,0.3,0.7,5000,0.68
402,100,0,0.3,10,0.1,0.3,0.7,5000,0.66
403,100,0,0.3,10,0.1,0.3,0.7,5000,0.61
404,100,0,0.3,10,0.1,0.3,0.7,5000,0.6
405,100,0,0.3,10,0.1,0.3,0.7,245,1
406,100,0,0.3,10,0.1,0.3,0.7,271,1
407,100,0,0.3,10,0.1,0.3,0.7,5000,0.5
408,100,0,0.3,10,0.1,0.3,0.7,5000,0.64
409,100,0,0.3,10,0.1,0.3,0.7,5000,0.54
410,100,0,0.3,10,0.1,0.3,0.7,5000,0.69
411,100,0,0.3,10,0.1,0.3,0.8,5000,0.64
412,100,0,0.3,10,0.1,0.3,0.8,5000,0.51
413,100,0,0.3,10,0.1,0.3,0.8,5000,0.6
414,100,0,0.3,10,0.1,0.3,0.8,5000,0.51
415,100,0,0.3,10,0.1,0.3,0.8,5000,0.54
416,100,0,0.3,10,0.1,0.3,0.8,5000,0.65
417,100,0,0.3,10,0.1,0.3,0.8,5000,0.7
418,100,0,0.3,10,0.1,0.3,0.8,5000,0.66
419,100,0,0.3,10,0.1,0.3,0.8,5000,0.59
420,100,0,0.3,10,0.1,0.3,0.8,5000,0.51
421,100,0,0.3,10,0.1,0.3,0.9,298,1
422,100,0,0.3,10,0.1,0.3,0.9,5000,0.58
423,100,0,0.3,10,0.1,0.3,0.9,5000,0.56
424,100,0,0.3,10,0.1,0.3,0.9,5000,0.67
425,100,0,0.3,10,0.1,0.3,0.9,5000,0.52
426,100,0,0.3,10,0.1,0.3,0.9,5000,0.52
427,100,0,0.3,10,0.1,0.3,0.9,5000,0.61
428,100,0,0.3,10,0.1,0.3,0.9,5000,0.69
429,100,0,0.3,10,0.1,0.3,0.9,5000,0.55
430,100,0,0.3,10,0.1,0.3,0.9,289,1
431,100,0,0.3,10,0.1,0.3,1,5000,0.56
432,100,0,0.3,10,0.1,0.3,1,5000,0.72
433,100,0,0.3,10,0.1,0.3,1,5000,0.68
434,100,0,0.3,10,0.1,0.3,1,5000,0.71
435,100,0,0.3,10,0.1,0.3,1,5000,0.54
436,100,0,0.3,10,0.1,0.3,1,5000,0.56
437,100,0,0.3,10,0.1,0.3,1,5000,0.67
438,100,0,0.3,10,0.1,0.3,1,5000,0.58
439,100,0,0.3,10,0.1,0.3,1,5000,0.56
440,100,0,0.3,10,0.1,0.3,1,5000,0.65
441,100,0,0.4,10,0.1,0.3,0,5000,0.62
442,100,0,0.4,10,0.1,0.3,0,5000,0.64
443,100,0,0.4,10,0.1,0.3,0,5000,0.73
444,100,0,0.4,10,0.1,0.3,0,5000,0.77
445,100,0,0.4,10,0.1,0.3,0,5000,0.64
446,100,0,0.4,10,0.1,0.3,0,5000,0.93
447,100,0,0.4,10,0.1,0.3,0,5000,0.77
448,100,0,0.4,10,0.1,0.3,0,5000,0.87
449,100,0,0.4,10,0.1,0.3,0,5000,0.56
450,100,0,0.4,10,0.1,0.3,0,5000,0.76
451,100,0,0.4,10,0.1,0.3,0.1,2339,1
452,100,0,0.4,10,0.1,0.3,0.1,5000,0.54
453,100,0,0.4,10,0.1,0.3,0.1,5000,0.66
454,100,0,0.4,10,0.1,0.3,0.1,5000,0.65
455,100,0,0.4,10,0.1,0.3,0.1,5000,0.54
456,100,0,0.4,10,0.1,0.3,0.1,5000,0.62
457,100,0,0.4,10,0.1,0.3,0.1,5000,0.51
458,100,0,0.4,10,0.1,0.3,0.1,5000,0.66
459,100,0,0.4,10,0.1,0.3,0.1,5000,0.58
460,100,0,0.4,10,0.1,0.3,0.1,5000,0.97
461,100,0,0.4,10,0.1,0.3,0.2,5000,0.98
462,100,0,0.4,10,0.1,0.3,0.2,5000,0.66
463,100,0,0.4,10,0.1,0.3,0.2,5000,0.95
464,100,0,0.4,10,0.1,0.3,0.2,5000,0.58
465,100,0,0.4,10,0.1,0.3,0.2,5000,0.78
466,100,0,0.4,10,0.1,0.3,0.2,5000,0.71
467,100,0,0.4,10,0.1,0.3,0.2,5000,0.7
468,100,0,0.4,10,0.1,0.3,0.2,5000,0.57
469,100,0,0.4,10,0.1,0.3,0.2,5000,0.6
470,100,0,0.4,10,0.1,0.3,0.2,5000,0.61
471,100,0,0.4,10,0.1,0.3,0.3,5000,0.82
472,100,0,0.4,10,0.1,0.3,0.3,334,1
473,100,0,0.4,10,0.1,0.3,0.3,5000,0.59
474,100,0,0.4,10,0.1,0.3,0.3,5000,0.68
475,100,0,0.4,10,0.1,0.3,0.3,5000,0.54
476,100,0,0.4,10,0.1,0.3,0.3,5000,0.6
477,100,0,0.4,10,0.1,0.3,0.3,5000,0.52
478,100,0,0.4,10,0.1,0.3,0.3,5000,0.62
479,100,0,0.4,10,0.1,0.3,0.3,858,1
480,100,0,0.4,10,0.1,0.3,0.3,5000,0.87
481,100,0,0.4,10,0.1,0.3,0.4,5000,0.56
482,100,0,0.4,10,0.1,0.3,0.4,5000,0.65
483,100,0,0.4,10,0.1,0.3,0.4,5000,0.73
484,100,0,0.4,10,0.1,0.3,0.4,5000,0.99
485,100,0,0.4,10,0.1,0.3,0.4,5000,0.7
486,100,0,0.4,10,0.1,0.3,0.4,311,1
487,100,0,0.4,10,0.1,0.3,0.4,5000,0.68
488,100,0,0.4,10,0.1,0.3,0.4,5000,0.88
489,100,0,0.4,10,0.1,0.3,0.4,5000,0.64
490,100,0,0.4,10,0.1,0.3,0.4,5000,0.69
491,100,0,0.4,10,0.1,0.3,0.5,5000,0.53
492,100,0,0.4,10,0.1,0.3,0.5,5000,0.58
493,100,0,0.4,10,0.1,0.3,0.5,388,1
494,100,0,0.4,10,0.1,0.3,0.5,5000,0.53
495,100,0,0.4,10,0.1,0.3,0.5,5000,0.82
496,100,0,0.4,10,0.1,0.3,0.5,366,1
497,100,0,0.4,10,0.1,0.3,0.5,5000,0.71
498,100,0,0.4,10,0.1,0.3,0.5,427,1
499,100,0,0.4,10,0.1,0.3,0.5,5000,0.72
500,100,0,0.4,10,0.1,0.3,0.5,5000,0.9
501,100,0,0.4,10,0.1,0.3,0.6,5000,0.57
502,100,0,0.4,10,0.1,0.3,0.6,5000,0.72
503,100,0,0.4,10,0.1,0.3,0.6,5000,0.52
504,100,0,0.4,10,0.1,0.3,0.6,5000,0.59
505,100,0,0.4,10,0.1,0.3,0.6,5000,0.53
506,100,0,0.4,10,0.1,0.3,0.6,5000,0.58
507,100,0,0.4,10,0.1,0.3,0.6,5000,0.6
508,100,0,0.4,10,0.1,0.3,0.6,5000,0.6
509,100,0,0.4,10,0.1,0.3,0.6,348,1
510,100,0,0.4,10,0.1,0.3,0.6,5000,0.73
511,100,0,0.4,10,0.1,0.3,0.7,5000,0.71
512,100,0,0.4,10,0.1,0.3,0.7,5000,0.58
513,100,0,0.4,10,0.1,0.3,0.7,460,1
514,100,0,0.4,10,0.1,0.3,0.7,5000,0.8
515,100,0,0.4,10,0.1,0.3,0.7,5000,0.51
516,100,0,0.4,10,0.1,0.3,0.7,435,1
517,100,0,0.4,10,0.1,0.3,0.7,5000,0.8
518,100,0,0.4,10,0.1,0.3,0.7,5000,0.5
519,100,0,0.4,10,0.1,0.3,0.7,5000,0.57
520,100,0,0.4,10,0.1,0.3,0.7,5000,0.6
521,100,0,0.4,10,0.1,0.3,0.8,5000,0.52
522,100,0,0.4,10,0.1,0.3,0.8,5000,0.59
523,100,0,0.4,10,0.1,0.3,0.8,3051,1
524,100,0,0.4,10,0.1,0.3,0.8,5000,0.66
525,100,0,0.4,10,0.1,0.3,0.8,5000,0.82
526,100,0,0.4,10,0.1,0.3,0.8,5000,0.68
527,100,0,0.4,10,0.1,0.3,0.8,5000,0.99
528,100,0,0.4,10,0.1,0.3,0.8,5000,0.6
529,100,0,0.4,10,0.1,0.3,0.8,5000,0.76
530,100,0,0.4,10,0.1,0.3,0.8,5000,0.57
531,100,0,0.4,10,0.1,0.3,0.9,5000,0.54
532,100,0,0.4,10,0.1,0.3,0.9,1007,1
533,100,0,0.4,10,0.1,0.3,0.9,5000,0.6
534,100,0,0.4,10,0.1,0.3,0.9,5000,0.62
535,100,0,0.4,10,0.1,0.3,0.9,5000,0.51
536,100,0,0.4,10,0.1,0.3,0.9,5000,0.76
537,100,0,0.4,10,0.1,0.3,0.9,5000,0.52
538,100,0,0.4,10,0.1,0.3,0.9,5000,0.68
539,100,0,0.4,10,0.1,0.3,0.9,5000,0.6
540,100,0,0.4,10,0.1,0.3,0.9,5000,0.72
541,100,0,0.4,10,0.1,0.3,1,5000,0.67
542,100,0,0.4,10,0.1,0.3,1,360,1
543,100,0,0.4,10,0.1,0.3,1,5000,0.66
544,100,0,0.4,10,0.1,0.3,1,5000,0.63
545,100,0,0.4,10,0.1,0.3,1,5000,0.76
546,100,0,0.4,10,0.1,0.3,1,5000,0.51
547,100,0,0.4,10,0.1,0.3,1,5000,0.51
548,100,0,0.4,10,0.1,0.3,1,5000,0.74
549,100,0,0.4,10,0.1,0.3,1,5000,0.66
550,100,0,0.4,10,0.1,0.3,1,5000,0.7
551,100,0,0.5,10,0.1,0.3,0,5000,0.82
552,100,0,0.5,10,0.1,0.3,0,324,1
553,100,0,0.5,10,0.1,0.3,0,5000,0.54
554,100,0,0.5,10,0.1,0.3,0,5000,0.51
555,100,0,0.5,10,0.1,0.3,0,5000,0.57
556,100,0,0.5,10,0.1,0.3,0,5000,0.88
557,100,0,0.5,10,0.1,0.3,0,5000,0.51
558,100,0,0.5,10,0.1,0.3,0,5000,0.75
559,100,0,0.5,10,0.1,0.3,0,5000,0.53
560,100,0,0.5,10,0.1,0.3,0,5000,0.58
561,100,0,0.5,10,0.1,0.3,0.1,5000,0.51
562,100,0,0.5,10,0.1,0.3,0.1,5000,0.63
563,100,0,0.5,10,0.1,0.3,0.1,400,1
564,100,0,0.5,10,0.1,0.3,0.1,5000,0.67
565,100,0,0.5,10,0.1,0.3,0.1,5000,0.68
566,100,0,0.5,10,0.1,0.3,0.1,5000,0.96
567,100,0,0.5,10,0.1,0.3,0.1,5000,0.92
568,100,0,0.5,10,0.1,0.3,0.1,5000,0.51
569,100,0,0.5,10,0.1,0.3,0.1,5000,0.56
570,100,0,0.5,10,0.1,0.3,0.1,1826,1
571,100,0,0.5,10,0.1,0.3,0.2,5000,0.65
572,100,0,0.5,10,0.1,0.3,0.2,5000,0.63
573,100,0,0.5,10,0.1,0.3,0.2,5000,0.61
574,100,0,0.5,10,0.1,0.3,0.2,5000,0.57
575,100,0,0.5,10,0.1,0.3,0.2,5000,0.71
576,100,0,0.5,10,0.1,0.3,0.2,5000,0.79
577,100,0,0.5,10,0.1,0.3,0.2,5000,0.65
578,100,0,0.5,10,0.1,0.3,0.2,5000,0.59
579,100,0,0.5,10,0.1,0.3,0.2,5000,0.69
580,100,0,0.5,10,0.1,0.3,0.2,4698,1
581,100,0,0.5,10,0.1,0.3,0.3,5000,0.55
582,100,0,0.5,10,0.1,0.3,0.3,5000,0.68
583,100,0,0.5,10,0.1,0.3,0.3,336,1
584,100,0,0.5,10,0.1,0.3,0.3,723,1
585,100,0,0.5,10,0.1,0.3,0.3,5000,0.54
586,100,0,0.5,10,0.1,0.3,0.3,325,1
587,100,0,0.5,10,0.1,0.3,0.3,5000,0.68
588,100,0,0.5,10,0.1,0.3,0.3,5000,0.59
589,100,0,0.5,10,0.1,0.3,0.3,5000,0.76
590,100,0,0.5,10,0.1,0.3,0.3,5000,0.53
591,100,0,0.5,10,0.1,0.3,0.4,5000,0.51
592,100,0,0.5,10,0.1,0.3,0.4,5000,0.57
593,100,0,0.5,10,0.1,0.3,0.4,5000,0.62
594,100,0,0.5,10,0.1,0.3,0.4,5000,0.6
595,100,0,0.5,10,0.1,0.3,0.4,5000,0.61
596,100,0,0.5,10,0.1,0.3,0.4,5000,0.61
597,100,0,0.5,10,0.1,0.3,0.4,5000,0.67
598,100,0,0.5,10,0.1,0.3,0.4,5000,0.78
599,100,0,0.5,10,0.1,0.3,0.4,5000,0.52
600,100,0,0.5,10,0.1,0.3,0.4,5000,0.6
601,100,0,0.5,10,0.1,0.3,0.5,5000,0.95
602,100,0,0.5,10,0.1,0.3,0.5,5000,0.55
603,100,0,0.5,10,0.1,0.3,0.5,803,1
604,100,0,0.5,10,0.1,0.3,0.5,5000,0.75
605,100,0,0.5,10,0.1,0.3,0.5,5000,0.6
606,100,0,0.5,10,0.1,0.3,0.5,5000,0.61
607,100,0,0.5,10,0.1,0.3,0.5,5000,0.89
608,100,0,0.5,10,0.1,0.3,0.5,301,1
609,100,0,0.5,10,0.1,0.3,0.5,5000,0.72
610,100,0,0.5,10,0.1,0.3,0.5,396,1
611,100,0,0.5,10,0.1,0.3,0.6,5000,0.64
612,100,0,0.5,10,0.1,0.3,0.6,5000,0.64
613,100,0,0.5,10,0.1,0.3,0.6,5000,0.5
614,100,0,0.5,10,0.1,0.3,0.6,5000,0.52
615,100,0,0.5,10,0.1,0.3,0.6,5000,0.62
616,100,0,0.5,10,0.1,0.3,0.6,5000,0.76
617,100,0,0.5,10,0.1,0.3,0.6,5000,0.51
618,100,0,0.5,10,0.1,0.3,0.6,5000,0.51
619,100,0,0.5,10,0.1,0.3,0.6,5000,0.58
620,100,0,0.5,10,0.1,0.3,0.6,5000,0.55
621,100,0,0.5,10,0.1,0.3,0.7,5000,0.73
622,100,0,0.5,10,0.1,0.3,0.7,5000,0.63
623,100,0,0.5,10,0.1,0.3,0.7,5000,0.73
624,100,0,0.5,10,0.1,0.3,0.7,5000,0.55
625,100,0,0.5,10,0.1,0.3,0.7,5000,0.68
626,100,0,0.5,10,0.1,0.3,0.7,5000,0.57
627,100,0,0.5,10,0.1,0.3,0.7,5000,0.59
628,100,0,0.5,10,0.1,0.3,0.7,5000,0.51
629,100,0,0.5,10,0.1,0.3,0.7,5000,0.5
630,100,0,0.5,10,0.1,0.3,0.7,5000,0.53
631,100,0,0.5,10,0.1,0.3,0.8,5000,0.62
632,100,0,0.5,10,0.1,0.3,0.8,5000,0.55
633,100,0,0.5,10,0.1,0.3,0.8,5000,0.69
634,100,0,0.5,10,0.1,0.3,0.8,5000,0.58
635,100,0,0.5,10,0.1,0.3,0.8,5000,0.78
636,100,0,0.5,10,0.1,0.3,0.8,5000,0.73
637,100,0,0.5,10,0.1,0.3,0.8,5000,0.61
638,100,0,0.5,10,0.1,0.3,0.8,5000,0.74
639,100,0,0.5,10,0.1,0.3,0.8,5000,0.52
640,100,0,0.5,10,0.1,0.3,0.8,5000,0.86
641,100,0,0.5,10,0.1,0.3,0.9,5000,0.72
642,100,0,0.5,10,0.1,0.3,0.9,1748,1
643,100,0,0.5,10,0.1,0.3,0.9,5000,0.61
644,100,0,0.5,10,0.1,0.3,0.9,5000,0.95
645,100,0,0.5,10,0.1,0.3,0.9,5000,0.52
646,100,0,0.5,10,0.1,0.3,0.9,5000,0.61
647,100,0,0.5,10,0.1,0.3,0.9,5000,0.87
648,100,0,0.5,10,0.1,0.3,0.9,5000,0.5
649,100,0,0.5,10,0.1,0.3,0.9,5000,0.52
650,100,0,0.5,10,0.1,0.3,0.9,5000,0.79
651,100,0,0.5,10,0.1,0.3,1,5000,0.55
652,100,0,0.5,10,0.1,0.3,1,5000,0.88
653,100,0,0.5,10,0.1,0.3,1,5000,0.58
654,100,0,0.5,10,0.1,0.3,1,5000,0.5
655,100,0,0.5,10,0.1,0.3,1,5000,0.71
656,100,0,0.5,10,0.1,0.3,1,5000,0.63
657,100,0,0.5,10,0.1,0.3,1,307,1
658,100,0,0.5,10,0.1,0.3,1,5000,0.99
659,100,0,0.5,10,0.1,0.3,1,5000,0.73
660,100,0,0.5,10,0.1,0.3,1,5000,0.61
661,100,0,0.6,10,0.1,0.3,0,5000,0.53
662,100,0,0.6,10,0.1,0.3,0,5000,0.68
663,100,0,0.6,10,0.1,0.3,0,5000,0.72
664,100,0,0.6,10,0.1,0.3,0,5000,0.58
665,100,0,0.6,10,0.1,0.3,0,5000,0.71
666,100,0,0.6,10,0.1,0.3,0,5000,0.96
667,100,0,0.6,10,0.1,0.3,0,5000,0.63
668,100,0,0.6,10,0.1,0.3,0,264,1
669,100,0,0.6,10,0.1,0.3,0,5000,0.99
670,100,0,0.6,10,0.1,0.3,0,5000,0.52
671,100,0,0.6,10,0.1,0.3,0.1,352,1
672,100,0,0.6,10,0.1,0.3,0.1,5000,0.66
673,100,0,0.6,10,0.1,0.3,0.1,5000,0.65
674,100,0,0.6,10,0.1,0.3,0.1,5000,0.55
675,100,0,0.6,10,0.1,0.3,0.1,5000,0.75
676,100,0,0.6,10,0.1,0.3,0.1,5000,0.85
677,100,0,0.6,10,0.1,0.3,0.1,5000,0.79
678,100,0,0.6,10,0.1,0.3,0.1,5000,0.74
679,100,0,0.6,10,0.1,0.3,0.1,5000,0.55
680,100,0,0.6,10,0.1,0.3,0.1,5000,0.65
681,100,0,0.6,10,0.1,0.3,0.2,380,1
682,100,0,0.6,10,0.1,0.3,0.2,5000,0.55
683,100,0,0.6,10,0.1,0.3,0.2,5000,0.61
684,100,0,0.6,10,0.1,0.3,0.2,5000,0.83
685,100,0,0.6,10,0.1,0.3,0.2,5000,0.82
686,100,0,0.6,10,0.1,0.3,0.2,5000,0.79
687,100,0,0.6,10,0.1,0.3,0.2,5000,0.57
688,100,0,0.6,10,0.1,0.3,0.2,5000,0.56
689,100,0,0.6,10,0.1,0.3,0.2,5000,0.58
690,100,0,0.6,10,0.1,0.3,0.2,5000,0.74
691,100,0,0.6,10,0.1,0.3,0.3,317,1
692,100,0,0.6,10,0.1,0.3,0.3,5000,0.78
693,100,0,0.6,10,0.1,0.3,0.3,5000,0.55
694,100,0,0.6,10,0.1,0.3,0.3,5000,0.72
695,100,0,0.6,10,0.1,0.3,0.3,5000,0.55
696,100,0,0.6,10,0.1,0.3,0.3,5000,0.59
697,100,0,0.6,10,0.1,0.3,0.3,5000,0.63
698,100,0,0.6,10,0.1,0.3,0.3,5000,0.64
699,100,0,0.6,10,0.1,0.3,0.3,5000,0.53
700,100,0,0.6,10,0.1,0.3,0.3,5000,0.54
701,100,0,0.6,10,0.1,0.3,0.4,5000,0.83
702,100,0,0.6,10,0.1,0.3,0.4,5000,0.63
703,100,0,0.6,10,0.1,0.3,0.4,5000,0.55
704,100,0,0.6,10,0.1,0.3,0.4,5000,0.88
705,100,0,0.6,10,0.1,0.3,0.4,5000,0.74
706,100,0,0.6,10,0.1,0.3,0.4,5000,0.51
707,100,0,0.6,10,0.1,0.3,0.4,5000,0.71
708,100,0,0.6,10,0.1,0.3,0.4,5000,0.66
709,100,0,0.6,10,0.1,0.3,0.4,5000,0.52
710,100,0,0.6,10,0.1,0.3,0.4,402,1
711,100,0,0.6,10,0.1,0.3,0.5,5000,0.59
712,100,0,0.6,10,0.1,0.3,0.5,5000,0.56
713,100,0,0.6,10,0.1,0.3,0.5,5000,0.56
714,100,0,0.6,10,0.1,0.3,0.5,5000,0.57
715,100,0,0.6,10,0.1,0.3,0.5,5000,0.72
716,100,0,0.6,10,0.1,0.3,0.5,5000,0.65
717,100,0,0.6,10,0.1,0.3,0.5,5000,0.5
718,100,0,0.6,10,0.1,0.3,0.5,5000,0.72
719,100,0,0.6,10,0.1,0.3,0.5,5000,0.55
720,100,0,0.6,10,0.1,0.3,0.5,363,1
721,100,0,0.6,10,0.1,0.3,0.6,5000,0.52
722,100,0,0.6,10,0.1,0.3,0.6,5000,0.57
723,100,0,0.6,10,0.1,0.3,0.6,5000,0.54
724,100,0,0.6,10,0.1,0.3,0.6,366,1
725,100,0,0.6,10,0.1,0.3,0.6,5000,0.87
726,100,0,0.6,10,0.1,0.3,0.6,5000,0.61
727,100,0,0.6,10,0.1,0.3,0.6,5000,0.59
728,100,0,0.6,10,0.1,0.3,0.6,327,1
729,100,0,0.6,10,0.1,0.3,0.6,5000,0.55
730,100,0,0.6,10,0.1,0.3,0.6,5000,0.71
731,100,0,0.6,10,0.1,0.3,0.7,5000,0.59
732,100,0,0.6,10,0.1,0.3,0.7,5000,0.53
733,100,0,0.6,10,0.1,0.3,0.7,5000,0.54
734,100,0,0.6,10,0.1,0.3,0.7,5000,0.64
735,100,0,0.6,10,0.1,0.3,0.7,5000,0.64
736,100,0,0.6,10,0.1,0.3,0.7,5000,0.76
737,100,0,0.6,10,0.1,0.3,0.7,5000,0.57
738,100,0,0.6,10,0.1,0.3,0.7,5000,0.56
739,100,0,0.6,10,0.1,0.3,0.7,5000,0.55
740,100,0,0.6,10,0.1,0.3,0.7,5000,0.54
741,100,0,0.6,10,0.1,0.3,0.8,5000,0.82
742,100,0,0.6,10,0.1,0.3,0.8,5000,0.56
743,100,0,0.6,10,0.1,0.3,0.8,5000,0.67
744,100,0,0.6,10,0.1,0.3,0.8,5000,0.56
745,100,0,0.6,10,0.1,0.3,0.8,5000,0.69
746,100,0,0.6,10,0.1,0.3,0.8,5000,0.63
747,100,0,0.6,10,0.1,0.3,0.8,996,1
748,100,0,0.6,10,0.1,0.3,0.8,5000,0.75
749,100,0,0.6,10,0.1,0.3,0.8,5000,0.63
750,100,0,0.6,10,0.1,0.3,0.8,337,1
751,100,0,0.6,10,0.1,0.3,0.9,5000,0.53
752,100,0,0.6,10,0.1,0.3,0.9,5000,0.52
753,100,0,0.6,10,0.1,0.3,0.9,5000,0.51
754,100,0,0.6,10,0.1,0.3,0.9,5000,0.63
755,100,0,0.6,10,0.1,0.3,0.9,287,1
756,100,0,0.6,10,0.1,0.3,0.9,5000,0.53
757,100,0,0.6,10,0.1,0.3,0.9,330,1
758,100,0,0.6,10,0.1,0.3,0.9,5000,0.59
759,100,0,0.6,10,0.1,0.3,0.9,363,1
760,100,0,0.6,10,0.1,0.3,0.9,5000,0.59
761,100,0,0.6,10,0.1,0.3,1,5000,0.65
762,100,0,0.6,10,0.1,0.3,1,5000,0.57
763,100,0,0.6,10,0.1,0.3,1,5000,0.68
764,100,0,0.6,10,0.1,0.3,1,5000,0.73
765,100,0,0.6,10,0.1,0.3,1,5000,0.6
766,100,0,0.6,10,0.1,0.3,1,5000,0.53
767,100,0,0.6,10,0.1,0.3,1,5000,0.58
768,100,0,0.6,10,0.1,0.3,1,5000,0.55
769,100,0,0.6,10,0.1,0.3,1,5000,0.64
770,100,0,0.6,10,0.1,0.3,1,5000,0.65
771,100,0,0.7,10,0.1,0.3,0,5000,0.88
772,100,0,0.7,10,0.1,0.3,0,5000,0.7
773,100,0,0.7,10,0.1,0.3,0,303,1
774,100,0,0.7,10,0.1,0.3,0,5000,0.89
775,100,0,0.7,10,0.1,0.3,0,241,1
776,100,0,0.7,10,0.1,0.3,0,5000,0.55
777,100,0,0.7,10,0.1,0.3,0,5000,0.68
778,100,0,0.7,10,0.1,0.3,0,5000,0.95
779,100,0,0.7,10,0.1,0.3,0,448,1
780,100,0,0.7,10,0.1,0.3,0,5000,0.63
781,100,0,0.7,10,0.1,0.3,0.1,5000,0.93
782,100,0,0.7,10,0.1,0.3,0.1,5000,0.78
783,100,0,0.7,10,0.1,0.3,0.1,5000,0.84
784,100,0,0.7,10,0.1,0.3,0.1,5000,0.73
785,100,0,0.7,10,0.1,0.3,0.1,5000,0.69
786,100,0,0.7,10,0.1,0.3,0.1,5000,0.57
787,100,0,0.7,10,0.1,0.3,0.1,5000,0.61
788,100,0,0.7,10,0.1,0.3,0.1,5000,0.87
789,100,0,0.7,10,0.1,0.3,0.1,5000,0.51
790,100,0,0.7,10,0.1,0.3,0.1,5000,0.72
791,100,0,0.7,10,0.1,0.3,0.2,5000,0.91
792,100,0,0.7,10,0.1,0.3,0.2,5000,0.97
793,100,0,0.7,10,0.1,0.3,0.2,5000,0.52
794,100,0,0.7,10,0.1,0.3,0.2,5000,0.57
795,100,0,0.7,10,0.1,0.3,0.2,5000,0.85
796,100,0,0.7,10,0.1,0.3,0.2,5000,0.64
797,100,0,0.7,10,0.1,0.3,0.2,5000,0.61
798,100,0,0.7,10,0.1,0.3,0.2,5000,0.62
799,100,0,0.7,10,0.1,0.3,0.2,5000,0.61
800,100,0,0.7,10,0.1,0.3,0.2,5000,0.74
801,100,0,0.7,10,0.1,0.3,0.3,5000,0.58
802,100,0,0.7,10,0.1,0.3,0.3,5000,0.63
803,100,0,0.7,10,0.1,0.3,0.3,5000,0.58
804,100,0,0.7,10,0.1,0.3,0.3,5000,0.57
805,100,0,0.7,10,0.1,0.3,0.3,5000,0.77
806,100,0,0.7,10,0.1,0.3,0.3,5000,0.68
807,100,0,0.7,10,0.1,0.3,0.3,5000,0.95
808,100,0,0.7,10,0.1,0.3,0.3,5000,0.73
809,100,0,0.7,10,0.1,0.3,0.3,5000,0.9
810,100,0,0.7,10,0.1,0.3,0.3,5000,0.68
811,100,0,0.7,10,0.1,0.3,0.4,5000,0.58
812,100,0,0.7,10,0.1,0.3,0.4,5000,0.59
813,100,0,0.7,10,0.1,0.3,0.4,5000,0.8
814,100,0,0.7,10,0.1,0.3,0.4,5000,0.61
815,100,0,0.7,10,0.1,0.3,0.4,376,1
816,100,0,0.7,10,0.1,0.3,0.4,5000,0.69
817,100,0,0.7,10,0.1,0.3,0.4,5000,0.93
818,100,0,0.7,10,0.1,0.3,0.4,5000,0.81
819,100,0,0.7,10,0.1,0.3,0.4,5000,0.82
820,100,0,0.7,10,0.1,0.3,0.4,5000,0.81
821,100,0,0.7,10,0.1,0.3,0.5,5000,0.6
822,100,0,0.7,10,0.1,0.3,0.5,5000,0.55
823,100,0,0.7,10,0.1,0.3,0.5,5000,0.79
824,100,0,0.7,10,0.1,0.3,0.5,5000,0.7
825,100,0,0.7,10,0.1,0.3,0.5,5000,0.57
826,100,0,0.7,10,0.1,0.3,0.5,5000,0.66
827,100,0,0.7,10,0.1,0.3,0.5,5000,0.54
828,100,0,0.7,10,0.1,0.3,0.5,5000,0.63
829,100,0,0.7,10,0.1,0.3,0.5,5000,0.69
830,100,0,0.7,10,0.1,0.3,0.5,5000,0.69
831,100,0,0.7,10,0.1,0.3,0.6,5000,0.58
832,100,0,0.7,10,0.1,0.3,0.6,5000,0.54
833,100,0,0.7,10,0.1,0.3,0.6,5000,0.76
834,100,0,0.7,10,0.1,0.3,0.6,5000,0.65
835,100,0,0.7,10,0.1,0.3,0.6,5000,0.57
836,100,0,0.7,10,0.1,0.3,0.6,5000,0.73
837,100,0,0.7,10,0.1,0.3,0.6,5000,0.62
838,100,0,0.7,10,0.1,0.3,0.6,5000,0.57
839,100,0,0.7,10,0.1,0.3,0.6,5000,0.64
840,100,0,0.7,10,0.1,0.3,0.6,5000,0.71
841,100,0,0.7,10,0.1,0.3,0.7,5000,0.59
842,100,0,0.7,10,0.1,0.3,0.7,5000,0.55
843,100,0,0.7,10,0.1,0.3,0.7,5000,0.57
844,100,0,0.7,10,0.1,0.3,0.7,5000,0.55
845,100,0,0.7,10,0.1,0.3,0.7,5000,0.57
846,100,0,0.7,10,0.1,0.3,0.7,5000,0.51
847,100,0,0.7,10,0.1,0.3,0.7,5000,0.63
848,100,0,0.7,10,0.1,0.3,0.7,264,1
849,100,0,0.7,10,0.1,0.3,0.7,5000,0.72
850,100,0,0.7,10,0.1,0.3,0.7,5000,0.61
851,100,0,0.7,10,0.1,0.3,0.8,5000,0.63
852,100,0,0.7,10,0.1,0.3,0.8,5000,0.59
853,100,0,0.7,10,0.1,0.3,0.8,5000,0.58
854,100,0,0.7,10,0.1,0.3,0.8,5000,0.51
855,100,0,0.7,10,0.1,0.3,0.8,5000,0.97
856,100,0,0.7,10,0.1,0.3,0.8,5000,0.52
857,100,0,0.7,10,0.1,0.3,0.8,5000,0.57
858,100,0,0.7,10,0.1,0.3,0.8,5000,0.53
859,100,0,0.7,10,0.1,0.3,0.8,5000,0.88
860,100,0,0.7,10,0.1,0.3,0.8,5000,0.54
861,100,0,0.7,10,0.1,0.3,0.9,5000,0.69
862,100,0,0.7,10,0.1,0.3,0.9,5000,0.68
863,100,0,0.7,10,0.1,0.3,0.9,5000,0.55
864,100,0,0.7,10,0.1,0.3,0.9,5000,0.51
865,100,0,0.7,10,0.1,0.3,0.9,5000,0.54
866,100,0,0.7,10,0.1,0.3,0.9,5000,0.51
867,100,0,0.7,10,0.1,0.3,0.9,5000,0.52
868,100,0,0.7,10,0.1,0.3,0.9,5000,0.62
869,100,0,0.7,10,0.1,0.3,0.9,607,1
870,100,0,0.7,10,0.1,0.3,0.9,5000,0.54
871,100,0,0.7,10,0.1,0.3,1,5000,0.67
872,100,0,0.7,10,0.1,0.3,1,5000,0.53
873,100,0,0.7,10,0.1,0.3,1,5000,0.58
874,100,0,0.7,10,0.1,0.3,1,5000,0.64
875,100,0,0.7,10,0.1,0.3,1,5000,0.67
876,100,0,0.7,10,0.1,0.3,1,5000,0.51
877,100,0,0.7,10,0.1,0.3,1,5000,0.71
878,100,0,0.7,10,0.1,0.3,1,5000,0.56
879,100,0,0.7,10,0.1,0.3,1,5000,0.59
880,100,0,0.7,10,0.1,0.3,1,5000,0.78
881,100,0,0.8,10,0.1,0.3,0,5000,0.54
882,100,0,0.8,10,0.1,0.3,0,5000,0.9
883,100,0,0.8,10,0.1,0.3,0,5000,0.74
884,100,0,0.8,10,0.1,0.3,0,5000,0.65
885,100,0,0.8,10,0.1,0.3,0,5000,0.63
886,100,0,0.8,10,0.1,0.3,0,5000,0.55
887,100,0,0.8,10,0.1,0.3,0,5000,0.8
888,100,0,0.8,10,0.1,0.3,0,5000,0.61
889,100,0,0.8,10,0.1,0.3,0,5000,0.9
890,100,0,0.8,10,0.1,0.3,0,5000,0.58
891,100,0,0.8,10,0.1,0.3,0.1,5000,0.52
892,100,0,0.8,10,0.1,0.3,0.1,5000,0.66
893,100,0,0.8,10,0.1,0.3,0.1,5000,0.92
894,100,0,0.8,10,0.1,0.3,0.1,5000,0.68
895,100,0,0.8,10,0.1,0.3,0.1,5000,0.8
896,100,0,0.8,10,0.1,0.3,0.1,5000,0.85
897,100,0,0.8,10,0.1,0.3,0.1,5000,0.56
898,100,0,0.8,10,0.1,0.3,0.1,271,1
899,100,0,0.8,10,0.1,0.3,0.1,301,1
900,100,0,0.8,10,0.1,0.3,0.1,5000,0.94
901,100,0,0.8,10,0.1,0.3,0.2,5000,0.77
902,100,0,0.8,10,0.1,0.3,0.2,5000,0.84
903,100,0,0.8,10,0.1,0.3,0.2,5000,0.67
904,100,0,0.8,10,0.1,0.3,0.2,1064,1
905,100,0,0.8,10,0.1,0.3,0.2,3926,1
906,100,0,0.8,10,0.1,0.3,0.2,5000,0.55
907,100,0,0.8,10,0.1,0.3,0.2,365,1
908,100,0,0.8,10,0.1,0.3,0.2,5000,0.62
909,100,0,0.8,10,0.1,0.3,0.2,415,1
910,100,0,0.8,10,0.1,0.3,0.2,1541,1
911,100,0,0.8,10,0.1,0.3,0.3,5000,0.5
912,100,0,0.8,10,0.1,0.3,0.3,5000,0.6
913,100,0,0.8,10,0.1,0.3,0.3,5000,0.86
914,100,0,0.8,10,0.1,0.3,0.3,5000,0.7
915,100,0,0.8,10,0.1,0.3,0.3,5000,0.55
916,100,0,0.8,10,0.1,0.3,0.3,5000,0.78
917,100,0,0.8,10,0.1,0.3,0.3,5000,0.98
918,100,0,0.8,10,0.1,0.3,0.3,5000,0.5
919,100,0,0.8,10,0.1,0.3,0.3,5000,0.51
920,100,0,0.8,10,0.1,0.3,0.3,1123,1
921,100,0,0.8,10,0.1,0.3,0.4,5000,0.56
922,100,0,0.8,10,0.1,0.3,0.4,5000,0.52
923,100,0,0.8,10,0.1,0.3,0.4,5000,0.52
924,100,0,0.8,10,0.1,0.3,0.4,5000,0.87
925,100,0,0.8,10,0.1,0.3,0.4,5000,0.53
926,100,0,0.8,10,0.1,0.3,0.4,5000,0.96
927,100,0,0.8,10,0.1,0.3,0.4,5000,0.53
928,100,0,0.8,10,0.1,0.3,0.4,5000,0.56
929,100,0,0.8,10,0.1,0.3,0.4,5000,0.55
930,100,0,0.8,10,0.1,0.3,0.4,5000,0.51
931,100,0,0.8,10,0.1,0.3,0.5,5000,0.76
932,100,0,0.8,10,0.1,0.3,0.5,3183,1
933,100,0,0.8,10,0.1,0.3,0.5,5000,0.73
934,100,0,0.8,10,0.1,0.3,0.5,5000,0.56
935,100,0,0.8,10,0.1,0.3,0.5,5000,0.68
936,100,0,0.8,10,0.1,0.3,0.5,5000,0.85
937,100,0,0.8,10,0.1,0.3,0.5,5000,0.77
938,100,0,0.8,10,0.1,0.3,0.5,5000,0.62
939,100,0,0.8,10,0.1,0.3,0.5,5000,0.51
940,100,0,0.8,10,0.1,0.3,0.5,5000,0.7
941,100,0,0.8,10,0.1,0.3,0.6,5000,0.68
942,100,0,0.8,10,0.1,0.3,0.6,5000,0.62
943,100,0,0.8,10,0.1,0.3,0.6,5000,0.57
944,100,0,0.8,10,0.1,0.3,0.6,5000,0.76
945,100,0,0.8,10,0.1,0.3,0.6,5000,0.55
946,100,0,0.8,10,0.1,0.3,0.6,337,1
947,100,0,0.8,10,0.1,0.3,0.6,5000,0.54
948,100,0,0.8,10,0.1,0.3,0.6,5000,0.7
949,100,0,0.8,10,0.1,0.3,0.6,374,1
950,100,0,0.8,10,0.1,0.3,0.6,304,1
951,100,0,0.8,10,0.1,0.3,0.7,5000,0.72
952,100,0,0.8,10,0.1,0.3,0.7,5000,0.57
953,100,0,0.8,10,0.1,0.3,0.7,5000,0.73
954,100,0,0.8,10,0.1,0.3,0.7,5000,0.59
955,100,0,0.8,10,0.1,0.3,0.7,5000,0.5
956,100,0,0.8,10,0.1,0.3,0.7,5000,0.76
957,100,0,0.8,10,0.1,0.3,0.7,289,1
958,100,0,0.8,10,0.1,0.3,0.7,5000,0.55
959,100,0,0.8,10,0.1,0.3,0.7,5000,0.69
960,100,0,0.8,10,0.1,0.3,0.7,5000,0.67
961,100,0,0.8,10,0.1,0.3,0.8,5000,0.7
962,100,0,0.8,10,0.1,0.3,0.8,5000,0.9
963,100,0,0.8,10,0.1,0.3,0.8,5000,0.56
964,100,0,0.8,10,0.1,0.3,0.8,5000,0.52
965,100,0,0.8,10,0.1,0.3,0.8,5000,0.6
966,100,0,0.8,10,0.1,0.3,0.8,5000,0.87
967,100,0,0.8,10,0.1,0.3,0.8,5000,0.56
968,100,0,0.8,10,0.1,0.3,0.8,5000,0.66
969,100,0,0.8,10,0.1,0.3,0.8,5000,0.66
970,100,0,0.8,10,0.1,0.3,0.8,5000,0.8
971,100,0,0.8,10,0.1,0.3,0.9,5000,0.61
972,100,0,0.8,10,0.1,0.3,0.9,344,1
973,100,0,0.8,10,0.1,0.3,0.9,5000,0.65
974,100,0,0.8,10,0.1,0.3,0.9,487,1
975,100,0,0.8,10,0.1,0.3,0.9,5000,0.57
976,100,0,0.8,10,0.1,0.3,0.9,5000,0.63
977,100,0,0.8,10,0.1,0.3,0.9,308,1
978,100,0,0.8,10,0.1,0.3,0.9,5000,0.56
979,100,0,0.8,10,0.1,0.3,0.9,5000,0.61
980,100,0,0.8,10,0.1,0.3,0.9,5000,0.52
981,100,0,0.8,10,0.1,0.3,1,5000,0.58
982,100,0,0.8,10,0.1,0.3,1,5000,0.63
983,100,0,0.8,10,0.1,0.3,1,5000,0.67
984,100,0,0.8,10,0.1,0.3,1,5000,0.51
985,100,0,0.8,10,0.1,0.3,1,389,1
986,100,0,0.8,10,0.1,0.3,1,5000,0.57
987,100,0,0.8,10,0.1,0.3,1,5000,0.63
988,100,0,0.8,10,0.1,0.3,1,5000,0.72
989,100,0,0.8,10,0.1,0.3,1,5000,0.64
990,100,0,0.8,10,0.1,0.3,1,310,1
991,100,0,0.9,10,0.1,0.3,0,5000,0.97
992,100,0,0.9,10,0.1,0.3,0,312,1
993,100,0,0.9,10,0.1,0.3,0,5000,0.73
994,100,0,0.9,10,0.1,0.3,0,5000,0.84
995,100,0,0.9,10,0.1,0.3,0,5000,0.94
996,100,0,0.9,10,0.1,0.3,0,5000,0.85
997,100,0,0.9,10,0.1,0.3,0,5000,0.96
998,100,0,0.9,10,0.1,0.3,0,5000,0.83
999,100,0,0.9,10,0.1,0.3,0,5000,0.62
1000,100,0,0.9,10,0.1,0.3,0,5000,0.64
1001,100,0,0.9,10,0.1,0.3,0.1,5000,0.78
1002,100,0,0.9,10,0.1,0.3,0.1,5000,0.55
1003,100,0,0.9,10,0.1,0.3,0.1,302,1
1004,100,0,0.9,10,0.1,0.3,0.1,5000,0.65
1005,100,0,0.9,10,0.1,0.3,0.1,5000,0.88
1006,100,0,0.9,10,0.1,0.3,0.1,5000,0.95
1007,100,0,0.9,10,0.1,0.3,0.1,5000,0.74
1008,100,0,0.9,10,0.1,0.3,0.1,412,1
1009,100,0,0.9,10,0.1,0.3,0.1,5000,0.82
1010,100,0,0.9,10,0.1,0.3,0.1,5000,0.97
1011,100,0,0.9,10,0.1,0.3,0.2,5000,0.8
1012,100,0,0.9,10,0.1,0.3,0.2,5000,0.99
1013,100,0,0.9,10,0.1,0.3,0.2,5000,0.52
1014,100,0,0.9,10,0.1,0.3,0.2,362,1
1015,100,0,0.9,10,0.1,0.3,0.2,5000,0.82
1016,100,0,0.9,10,0.1,0.3,0.2,5000,0.67
1017,100,0,0.9,10,0.1,0.3,0.2,5000,0.65
1018,100,0,0.9,10,0.1,0.3,0.2,5000,0.58
1019,100,0,0.9,10,0.1,0.3,0.2,5000,0.8
1020,100,0,0.9,10,0.1,0.3,0.2,5000,0.66
1021,100,0,0.9,10,0.1,0.3,0.3,5000,0.78
1022,100,0,0.9,10,0.1,0.3,0.3,5000,0.65
1023,100,0,0.9,10,0.1,0.3,0.3,461,1
1024,100,0,0.9,10,0.1,0.3,0.3,5000,0.72
1025,100,0,0.9,10,0.1,0.3,0.3,5000,0.59
1026,100,0,0.9,10,0.1,0.3,0.3,5000,0.98
1027,100,0,0.9,10,0.1,0.3,0.3,5000,0.65
1028,100,0,0.9,10,0.1,0.3,0.3,5000,0.96
1029,100,0,0.9,10,0.1,0.3,0.3,5000,0.73
1030,100,0,0.9,10,0.1,0.3,0.3,5000,0.96
1031,100,0,0.9,10,0.1,0.3,0.4,5000,0.73
1032,100,0,0.9,10,0.1,0.3,0.4,5000,0.7
1033,100,0,0.9,10,0.1,0.3,0.4,5000,0.57
1034,100,0,0.9,10,0.1,0.3,0.4,5000,0.7
1035,100,0,0.9,10,0.1,0.3,0.4,5000,0.52
1036,100,0,0.9,10,0.1,0.3,0.4,5000,0.58
1037,100,0,0.9,10,0.1,0.3,0.4,5000,0.62
1038,100,0,0.9,10,0.1,0.3,0.4,5000,0.51
1039,100,0,0.9,10,0.1,0.3,0.4,5000,0.61
1040,100,0,0.9,10,0.1,0.3,0.4,5000,0.65
1041,100,0,0.9,10,0.1,0.3,0.5,5000,0.53
1042,100,0,0.9,10,0.1,0.3,0.5,5000,0.68
1043,100,0,0.9,10,0.1,0.3,0.5,245,1
1044,100,0,0.9,10,0.1,0.3,0.5,5000,0.65
1045,100,0,0.9,10,0.1,0.3,0.5,5000,0.75
1046,100,0,0.9,10,0.1,0.3,0.5,455,1
1047,100,0,0.9,10,0.1,0.3,0.5,5000,0.58
1048,100,0,0.9,10,0.1,0.3,0.5,5000,0.74
1049,100,0,0.9,10,0.1,0.3,0.5,321,1
1050,100,0,0.9,10,0.1,0.3,0.5,5000,0.56
1051,100,0,0.9,10,0.1,0.3,0.6,5000,0.53
1052,100,0,0.9,10,0.1,0.3,0.6,5000,0.65
1053,100,0,0.9,10,0.1,0.3,0.6,2992,1
1054,100,0,0.9,10,0.1,0.3,0.6,316,1
1055,100,0,0.9,10,0.1,0.3,0.6,5000,0.51
1056,100,0,0.9,10,0.1,0.3,0.6,5000,0.78
1057,100,0,0.9,10,0.1,0.3,0.6,5000,0.71
1058,100,0,0.9,10,0.1,0.3,0.6,5000,0.59
1059,100,0,0.9,10,0.1,0.3,0.6,5000,0.87
1060,100,0,0.9,10,0.1,0.3,0.6,5000,0.6
1061,100,0,0.9,10,0.1,0.3,0.7,5000,0.53
1062,100,0,0.9,10,0.1,0.3,0.7,5000,0.52
1063,100,0,0.9,10,0.1,0.3,0.7,5000,0.56
1064,100,0,0.9,10,0.1,0.3,0.7,5000,0.61
1065,100,0,0.9,10,0.1,0.3,0.7,274,1
1066,100,0,0.9,10,0.1,0.3,0.7,5000,0.53
1067,100,0,0.9,10,0.1,0.3,0.7,5000,0.66
1068,100,0,0.9,10,0.1,0.3,0.7,5000,0.54
1069,100,0,0.9,10,0.1,0.3,0.7,5000,0.73
1070,100,0,0.9,10,0.1,0.3,0.7,5000,0.85
1071,100,0,0.9,10,0.1,0.3,0.8,5000,0.58
1072,100,0,0.9,10,0.1,0.3,0.8,5000,0.52
1073,100,0,0.9,10,0.1,0.3,0.8,5000,0.68
1074,100,0,0.9,10,0.1,0.3,0.8,5000,0.6
1075,100,0,0.9,10,0.1,0.3,0.8,3455,1
1076,100,0,0.9,10,0.1,0.3,0.8,5000,0.73
1077,100,0,0.9,10,0.1,0.3,0.8,5000,0.63
1078,100,0,0.9,10,0.1,0.3,0.8,5000,0.52
1079,100,0,0.9,10,0.1,0.3,0.8,5000,0.67
1080,100,0,0.9,10,0.1,0.3,0.8,5000,0.75
1081,100,0,0.9,10,0.1,0.3,0.9,5000,0.55
1082,100,0,0.9,10,0.1,0.3,0.9,5000,0.59
1083,100,0,0.9,10,0.1,0.3,0.9,5000,0.67
1084,100,0,0.9,10,0.1,0.3,0.9,5000,0.73
1085,100,0,0.9,10,0.1,0.3,0.9,313,1
1086,100,0,0.9,10,0.1,0.3,0.9,5000,0.55
1087,100,0,0.9,10,0.1,0.3,0.9,5000,0.64
1088,100,0,0.9,10,0.1,0.3,0.9,5000,0.57
1089,100,0,0.9,10,0.1,0.3,0.9,5000,0.54
1090,100,0,0.9,10,0.1,0.3,0.9,5000,0.86
1091,100,0,0.9,10,0.1,0.3,1,257,1
1092,100,0,0.9,10,0.1,0.3,1,5000,0.55
1093,100,0,0.9,10,0.1,0.3,1,5000,0.59
1094,100,0,0.9,10,0.1,0.3,1,5000,0.86
1095,100,0,0.9,10,0.1,0.3,1,5000,0.58
1096,100,0,0.9,10,0.1,0.3,1,331,1
1097,100,0,0.9,10,0.1,0.3,1,5000,0.57
1098,100,0,0.9,10,0.1,0.3,1,277,1
1099,100,0,0.9,10,0.1,0.3,1,323,1
1100,100,0,0.9,10,0.1,0.3,1,5000,0.95
1101,100,0,1,10,0.1,0.3,0,5000,0.6
1102,100,0,1,10,0.1,0.3,0,5000,0.68
1103,100,0,1,10,0.1,0.3,0,2529,1
1104,100,0,1,10,0.1,0.3,0,5000,0.7
1105,100,0,1,10,0.1,0.3,0,5000,0.79
1106,100,0,1,10,0.1,0.3,0,5000,0.53
1107,100,0,1,10,0.1,0.3,0,5000,0.65
1108,100,0,1,10,0.1,0.3,0,5000,0.57
1109,100,0,1,10,0.1,0.3,0,5000,0.56
1110,100,0,1,10,0.1,0.3,0,5000,0.51
1111,100,0,1,10,0.1,0.3,0.1,5000,0.92
1112,100,0,1,10,0.1,0.3,0.1,5000,0.64
1113,100,0,1,10,0.1,0.3,0.1,5000,0.63
1114,100,0,1,10,0.1,0.3,0.1,5000,0.55
1115,100,0,1,10,0.1,0.3,0.1,5000,0.9
1116,100,0,1,10,0.1,0.3,0.1,1488,1
1117,100,0,1,10,0.1,0.3,0.1,5000,0.81
1118,100,0,1,10,0.1,0.3,0.1,238,1
1119,100,0,1,10,0.1,0.3,0.1,535,1
1120,100,0,1,10,0.1,0.3,0.1,5000,0.58
1121,100,0,1,10,0.1,0.3,0.2,5000,0.91
1122,100,0,1,10,0.1,0.3,0.2,5000,0.51
1123,100,0,1,10,0.1,0.3,0.2,5000,0.56
1124,100,0,1,10,0.1,0.3,0.2,5000,0.79
1125,100,0,1,10,0.1,0.3,0.2,327,1
1126,100,0,1,10,0.1,0.3,0.2,5000,0.93
1127,100,0,1,10,0.1,0.3,0.2,5000,0.51
1128,100,0,1,10,0.1,0.3,0.2,5000,0.62
1129,100,0,1,10,0.1,0.3,0.2,1921,1
1130,100,0,1,10,0.1,0.3,0.2,5000,0.59
1131,100,0,1,10,0.1,0.3,0.3,348,1
1132,100,0,1,10,0.1,0.3,0.3,5000,0.56
1133,100,0,1,10,0.1,0.3,0.3,5000,0.52
1134,100,0,1,10,0.1,0.3,0.3,5000,0.95
1135,100,0,1,10,0.1,0.3,0.3,5000,0.7
1136,100,0,1,10,0.1,0.3,0.3,5000,0.71
1137,100,0,1,10,0.1,0.3,0.3,5000,0.65
1138,100,0,1,10,0.1,0.3,0.3,5000,0.59
1139,100,0,1,10,0.1,0.3,0.3,5000,0.65
1140,100,0,1,10,0.1,0.3,0.3,258,1
1141,100,0,1,10,0.1,0.3,0.4,5000,0.69
1142,100,0,1,10,0.1,0.3,0.4,5000,0.81
1143,100,0,1,10,0.1,0.3,0.4,364,1
1144,100,0,1,10,0.1,0.3,0.4,5000,0.56
1145,100,0,1,10,0.1,0.3,0.4,5000,0.53
1146,100,0,1,10,0.1,0.3,0.4,5000,0.77
1147,100,0,1,10,0.1,0.3,0.4,5000,0.67
1148,100,0,1,10,0.1,0.3,0.4,5000,0.7
1149,100,0,1,10,0.1,0.3,0.4,5000,0.77
1150,100,0,1,10,0.1,0.3,0.4,5000,0.71
1151,100,0,1,10,0.1,0.3,0.5,5000,0.65
1152,100,0,1,10,0.1,0.3,0.5,242,1
1153,100,0,1,10,0.1,0.3,0.5,5000,0.87
1154,100,0,1,10,0.1,0.3,0.5,5000,0.85
1155,100,0,1,10,0.1,0.3,0.5,298,1
1156,100,0,1,10,0.1,0.3,0.5,5000,0.63
1157,100,0,1,10,0.1,0.3,0.5,5000,0.86
1158,100,0,1,10,0.1,0.3,0.5,5000,0.81
1159,100,0,1,10,0.1,0.3,0.5,5000,0.97
1160,100,0,1,10,0.1,0.3,0.5,5000,0.55
1161,100,0,1,10,0.1,0.3,0.6,5000,0.62
1162,100,0,1,10,0.1,0.3,0.6,1016,1
1163,100,0,1,10,0.1,0.3,0.6,5000,0.54
1164,100,0,1,10,0.1,0.3,0.6,5000,0.69
1165,100,0,1,10,0.1,0.3,0.6,5000,0.69
1166,100,0,1,10,0.1,0.3,0.6,5000,0.71
1167,100,0,1,10,0.1,0.3,0.6,5000,0.66
1168,100,0,1,10,0.1,0.3,0.6,5000,0.72
1169,100,0,1,10,0.1,0.3,0.6,5000,0.51
1170,100,0,1,10,0.1,0.3,0.6,5000,0.54
1171,100,0,1,10,0.1,0.3,0.7,5000,0.59
1172,100,0,1,10,0.1,0.3,0.7,5000,0.55
1173,100,0,1,10,0.1,0.3,0.7,5000,0.92
1174,100,0,1,10,0.1,0.3,0.7,5000,0.61
1175,100,0,1,10,0.1,0.3,0.7,5000,0.64
1176,100,0,1,10,0.1,0.3,0.7,5000,0.65
1177,100,0,1,10,0.1,0.3,0.7,5000,0.6
1178,100,0,1,10,0.1,0.3,0.7,2562,1
1179,100,0,1,10,0.1,0.3,0.7,5000,0.51
1180,100,0,1,10,0.1,0.3,0.7,5000,0.6
1181,100,0,1,10,0.1,0.3,0.8,5000,0.52
1182,100,0,1,10,0.1,0.3,0.8,301,1
1183,100,0,1,10,0.1,0.3,0.8,5000,0.86
1184,100,0,1,10,0.1,0.3,0.8,5000,0.5
1185,100,0,1,10,0.1,0.3,0.8,5000,0.58
1186,100,0,1,10,0.1,0.3,0.8,5000,0.53
1187,100,0,1,10,0.1,0.3,0.8,5000,0.81
1188,100,0,1,10,0.1,0.3,0.8,5000,0.88
1189,100,0,1,10,0.1,0.3,0.8,5000,0.66
1190,100,0,1,10,0.1,0.3,0.8,5000,0.55
1191,100,0,1,10,0.1,0.3,0.9,5000,0.64
1192,100,0,1,10,0.1,0.3,0.9,5000,0.64
1193,100,0,1,10,0.1,0.3,0.9,5000,0.57
1194,100,0,1,10,0.1,0.3,0.9,5000,0.57
1195,100,0,1,10,0.1,0.3,0.9,5000,0.53
1196,100,0,1,10,0.1,0.3,0.9,389,1
1197,100,0,1,10,0.1,0.3,0.9,5000,0.87
1198,100,0,1,10,0.1,0.3,0.9,5000,0.62
1199,100,0,1,10,0.1,0.3,0.9,5000,0.73
1200,100,0,1,10,0.1,0.3,0.9,554,1
1201,100,0,1,10,0.1,0.3,1,5000,0.64
1202,100,0,1,10,0.1,0.3,1,5000,0.75
1203,100,0,1,10,0.1,0.3,1,5000,0.6
1204,100,0,1,10,0.1,0.3,1,5000,0.77
1205,100,0,1,10,0.1,0.3,1,5000,0.79
1206,100,0,1,10,0.1,0.3,1,4525,1
1207,100,0,1,10,0.1,0.3,1,5000,0.59
1208,100,0,1,10,0.1,0.3,1,5000,0.54
1209,100,0,1,10,0.1,0.3,1,5000,0.6
1210,100,0,1,10,0.1,0.3,1,5000,0.72